{"_step":20,"val/loss":2.1306800842285156,"_wandb":{"runtime":1121},"_runtime":1121,"mfu":53.425046781472375,"lr":0.0001,"_timestamp":1.759018243168524e+09,"iter":5000,"train/loss":1.964931845664978}