{"lr":0.0001,"_runtime":1110,"val/loss":2.125919818878174,"mfu":53.100173135214035,"_step":20,"iter":5000,"_wandb":{"runtime":1110},"_timestamp":1.7590071640679445e+09,"train/loss":1.96579909324646}