{"_wandb":{"runtime":1108},"train/loss":1.9744738340377808,"_runtime":1108,"_step":20,"lr":0.0001,"_timestamp":1.7590207939225152e+09,"val/loss":2.1362557411193848,"mfu":53.02184547454114,"iter":5000}