{"_runtime":4564,"_wandb":{"runtime":4564},"iter":500,"_timestamp":1.759001611060104e+09,"val/loss":2.913893461227417,"mfu":52.09187120610693,"lr":0.0009852826883675631,"_step":2,"train/loss":2.906385898590088}