{"iter":5000,"_step":20,"lr":0.0001,"_runtime":123,"_wandb":{"runtime":123},"mfu":27.522983357127888,"_timestamp":1.7589324289486935e+09,"train/loss":2.304926633834839,"val/loss":2.387765407562256}